Date,Day,Country,Cases,Deaths
2014-03-23,1,Guinea,49.0,29.0
2014-03-24,2,Guinea,86.0,59.0
2014-03-25,3,Guinea,86.0,60.0
2014-03-26,4,Guinea,86.0,62.0
2014-03-27,5,Guinea,103.0,66.0
2014-03-28,6,Guinea,112.0,70.0
2014-03-29,7,Guinea,112.0,70.0
2014-03-31,9,Guinea,122.0,80.0
2014-04-01,10,Guinea,127.0,83.0
2014-04-04,13,Guinea,143.0,86.0
2014-04-07,16,Guinea,151.0,95.0
2014-04-09,18,Guinea,158.0,101.0
2014-04-11,20,Guinea,159.0,106.0
2014-04-14,23,Guinea,168.0,108.0
2014-04-15,24,Guinea,,
2014-04-16,25,Guinea,197.0,122.0
2014-04-17,26,Guinea,203.0,129.0
2014-04-20,29,Guinea,208.0,136.0
2014-04-21,30,Guinea,,
2014-04-22,31,Guinea,,
2014-04-23,32,Guinea,218.0,141.0
2014-04-24,33,Guinea,,
2014-04-26,35,Guinea,224.0,143.0
2014-05-01,40,Guinea,226.0,149.0
2014-05-03,42,Guinea,231.0,155.0
2014-05-05,44,Guinea,235.0,157.0
2014-05-07,46,Guinea,236.0,158.0
2014-05-10,49,Guinea,233.0,157.0
2014-05-12,51,Guinea,248.0,171.0
2014-05-23,62,Guinea,258.0,174.0
2014-05-27,66,Guinea,281.0,186.0
2014-05-28,67,Guinea,291.0,193.0
2014-06-01,71,Guinea,328.0,208.0
2014-06-03,73,Guinea,344.0,215.0
2014-06-05,75,Guinea,,
2014-06-10,80,Guinea,351.0,226.0
2014-06-16,86,Guinea,398.0,264.0
2014-06-17,87,Guinea,,
2014-06-18,88,Guinea,390.0,267.0
2014-06-19,89,Guinea,,
2014-06-20,90,Guinea,390.0,270.0
2014-06-22,92,Guinea,,
2014-06-30,100,Guinea,413.0,303.0
2014-07-02,102,Guinea,412.0,305.0
2014-07-06,106,Guinea,408.0,307.0
2014-07-08,108,Guinea,409.0,309.0
2014-07-12,112,Guinea,406.0,304.0
2014-07-14,114,Guinea,411.0,310.0
2014-07-17,117,Guinea,410.0,310.0
2014-07-20,120,Guinea,415.0,314.0
2014-07-23,123,Guinea,427.0,319.0
2014-07-27,126,Guinea,460.0,339.0
2014-07-30,129,Guinea,472.0,346.0
2014-08-01,132,Guinea,485.0,358.0
2014-08-04,135,Guinea,495.0,363.0
2014-08-06,137,Guinea,495.0,367.0
2014-08-09,140,Guinea,506.0,373.0
2014-08-11,142,Guinea,510.0,377.0
2014-08-13,144,Guinea,519.0,380.0
2014-08-16,147,Guinea,543.0,394.0
2014-08-18,149,Guinea,579.0,396.0
2014-08-20,151,Guinea,607.0,406.0
2014-08-26,157,Guinea,648.0,430.0
2014-08-31,162,Guinea,771.0,494.0
2014-09-05,167,Guinea,812.0,517.0
2014-09-07,169,Guinea,861.0,557.0
2014-09-09,171,Guinea,,
2014-09-10,172,Guinea,899.0,568.0
2014-09-13,175,Guinea,936.0,595.0
2014-09-14,176,Guinea,942.0,601.0
2014-09-17,179,Guinea,,
2014-09-19,181,Guinea,1008.0,632.0
2014-09-20,182,Guinea,,
2014-09-21,183,Guinea,1022.0,635.0
2014-09-23,185,Guinea,1074.0,648.0
2014-09-28,190,Guinea,1157.0,710.0
2014-10-01,193,Guinea,1199.0,739.0
2014-10-04,196,Guinea,,
2014-10-05,197,Guinea,1298.0,768.0
2014-10-07,199,Guinea,1350.0,778.0
2014-10-08,200,Guinea,,
2014-10-11,203,Guinea,,
2014-10-12,204,Guinea,1472.0,843.0
2014-10-13,205,Guinea,,
2014-10-14,206,Guinea,1519.0,862.0
2014-10-18,210,Guinea,,
2014-10-19,211,Guinea,1540.0,904.0
2014-10-21,213,Guinea,1553.0,926.0
2014-10-22,214,Guinea,,
2014-10-25,216,Guinea,,
2014-10-27,218,Guinea,1906.0,997.0
2014-10-29,220,Guinea,1667.0,1018.0
2014-10-31,222,Guinea,,
2014-11-02,225,Guinea,1731.0,1041.0
2014-11-03,226,Guinea,1760.0,1054.0
2014-11-04,227,Guinea,,
2014-11-08,231,Guinea,,
2014-11-09,232,Guinea,1878.0,1142.0
2014-11-10,233,Guinea,,
2014-11-11,234,Guinea,1919.0,1166.0
2014-11-15,238,Guinea,,
2014-11-16,239,Guinea,1971.0,1192.0
2014-11-18,241,Guinea,2047.0,1214.0
2014-11-22,245,Guinea,,
2014-11-23,246,Guinea,2134.0,1260.0
2014-11-28,251,Guinea,,
2014-11-30,253,Guinea,2164.0,1327.0
2014-12-03,256,Guinea,,
2014-12-07,260,Guinea,2292.0,1428.0
2014-12-09,262,Guinea,,
2014-12-14,267,Guinea,2416.0,1525.0
2014-12-18,271,Guinea,,
2014-12-20,272,Guinea,2571.0,1586.0
2014-12-21,273,Guinea,2597.0,1607.0
2014-12-24,277,Guinea,2630.0,
2014-12-27,280,Guinea,2695.0,1697.0
2014-12-28,281,Guinea,2706.0,1708.0
2014-12-31,284,Guinea,2730.0,1739.0
2015-01-02,286,Guinea,,
2015-01-03,287,Guinea,2769.0,1767.0
2015-01-04,288,Guinea,2775.0,1781.0
2015-01-05,289,Guinea,2776.0,1786.0
2014-03-23,1,Liberia,,
2014-03-24,2,Liberia,,
2014-03-25,3,Liberia,,
2014-03-26,4,Liberia,,
2014-03-27,5,Liberia,8.0,6.0
2014-03-28,6,Liberia,3.0,3.0
2014-03-29,7,Liberia,7.0,2.0
2014-03-31,9,Liberia,8.0,4.0
2014-04-01,10,Liberia,8.0,5.0
2014-04-04,13,Liberia,18.0,7.0
2014-04-07,16,Liberia,21.0,10.0
2014-04-09,18,Liberia,25.0,12.0
2014-04-11,20,Liberia,26.0,13.0
2014-04-14,23,Liberia,,
2014-04-15,24,Liberia,,
2014-04-16,25,Liberia,27.0,13.0
2014-04-17,26,Liberia,27.0,
2014-04-20,29,Liberia,,6.0
2014-04-21,30,Liberia,34.0,11.0
2014-04-22,31,Liberia,,
2014-04-23,32,Liberia,,
2014-04-24,33,Liberia,35.0,
2014-04-26,35,Liberia,,
2014-05-01,40,Liberia,13.0,11.0
2014-05-03,42,Liberia,13.0,11.0
2014-05-05,44,Liberia,13.0,11.0
2014-05-07,46,Liberia,13.0,11.0
2014-05-10,49,Liberia,12.0,11.0
2014-05-12,51,Liberia,12.0,11.0
2014-05-23,62,Liberia,12.0,11.0
2014-05-27,66,Liberia,12.0,11.0
2014-05-28,67,Liberia,13.0,12.0
2014-06-01,71,Liberia,13.0,12.0
2014-06-03,73,Liberia,13.0,12.0
2014-06-05,75,Liberia,13.0,
2014-06-10,80,Liberia,13.0,24.0
2014-06-16,86,Liberia,33.0,24.0
2014-06-17,87,Liberia,,
2014-06-18,88,Liberia,,
2014-06-19,89,Liberia,41.0,25.0
2014-06-20,90,Liberia,,
2014-06-22,92,Liberia,51.0,34.0
2014-06-30,100,Liberia,107.0,65.0
2014-07-02,102,Liberia,115.0,75.0
2014-07-06,106,Liberia,131.0,84.0
2014-07-08,108,Liberia,142.0,88.0
2014-07-12,112,Liberia,172.0,105.0
2014-07-14,114,Liberia,174.0,106.0
2014-07-17,117,Liberia,196.0,116.0
2014-07-20,120,Liberia,224.0,127.0
2014-07-23,123,Liberia,249.0,129.0
2014-07-27,126,Liberia,329.0,156.0
2014-07-30,129,Liberia,391.0,227.0
2014-08-01,132,Liberia,468.0,255.0
2014-08-04,135,Liberia,516.0,282.0
2014-08-06,137,Liberia,554.0,294.0
2014-08-09,140,Liberia,599.0,323.0
2014-08-11,142,Liberia,670.0,355.0
2014-08-13,144,Liberia,786.0,413.0
2014-08-16,147,Liberia,834.0,466.0
2014-08-18,149,Liberia,972.0,576.0
2014-08-20,151,Liberia,1082.0,624.0
2014-08-26,157,Liberia,1378.0,694.0
2014-08-31,162,Liberia,1698.0,871.0
2014-09-05,167,Liberia,1871.0,1089.0
2014-09-07,169,Liberia,2081.0,1137.0
2014-09-09,171,Liberia,2407.0,
2014-09-10,172,Liberia,,
2014-09-13,175,Liberia,,1296.0
2014-09-14,176,Liberia,2710.0,1459.0
2014-09-17,179,Liberia,3022.0,1578.0
2014-09-19,181,Liberia,,
2014-09-20,182,Liberia,,
2014-09-21,183,Liberia,3280.0,1677.0
2014-09-23,185,Liberia,3458.0,1830.0
2014-09-28,190,Liberia,3696.0,1998.0
2014-10-01,193,Liberia,3834.0,2069.0
2014-10-04,196,Liberia,3924.0,2210.0
2014-10-05,197,Liberia,,
2014-10-07,199,Liberia,4076.0,2316.0
2014-10-08,200,Liberia,,
2014-10-11,203,Liberia,4249.0,2458.0
2014-10-12,204,Liberia,,
2014-10-13,205,Liberia,4262.0,2484.0
2014-10-14,206,Liberia,,
2014-10-18,210,Liberia,4665.0,2705.0
2014-10-19,211,Liberia,,
2014-10-21,213,Liberia,,
2014-10-22,214,Liberia,,
2014-10-25,216,Liberia,6535.0,2413.0
2014-10-27,218,Liberia,,
2014-10-29,220,Liberia,,
2014-10-31,222,Liberia,6525.0,2697.0
2014-11-02,225,Liberia,,
2014-11-03,226,Liberia,,
2014-11-04,227,Liberia,6619.0,2766.0
2014-11-08,231,Liberia,6822.0,2836.0
2014-11-09,232,Liberia,,
2014-11-10,233,Liberia,6878.0,2812.0
2014-11-11,234,Liberia,,
2014-11-15,238,Liberia,7069.0,2964.0
2014-11-16,239,Liberia,,
2014-11-18,241,Liberia,7082.0,2963.0
2014-11-22,245,Liberia,7168.0,3016.0
2014-11-23,246,Liberia,,
2014-11-28,251,Liberia,7635.0,3145.0
2014-11-30,253,Liberia,,
2014-12-03,256,Liberia,7719.0,3177.0
2014-12-07,260,Liberia,,
2014-12-09,262,Liberia,7797.0,3290.0
2014-12-14,267,Liberia,,
2014-12-18,271,Liberia,7830.0,3376.0
2014-12-20,272,Liberia,7862.0,3384.0
2014-12-21,273,Liberia,,
2014-12-24,277,Liberia,7977.0,3413.0
2014-12-27,280,Liberia,,
2014-12-28,281,Liberia,8018.0,3423.0
2014-12-31,284,Liberia,8115.0,3471.0
2015-01-02,286,Liberia,8157.0,3496.0
2015-01-03,287,Liberia,8166.0,3496.0
2015-01-04,288,Liberia,,
2015-01-05,289,Liberia,,
2014-03-23,1,Mali,,
2014-03-24,2,Mali,,
2014-03-25,3,Mali,,
2014-03-26,4,Mali,,
2014-03-27,5,Mali,,
2014-03-28,6,Mali,,
2014-03-29,7,Mali,,
2014-03-31,9,Mali,,
2014-04-01,10,Mali,,
2014-04-04,13,Mali,,
2014-04-07,16,Mali,,
2014-04-09,18,Mali,,
2014-04-11,20,Mali,,
2014-04-14,23,Mali,,
2014-04-15,24,Mali,,
2014-04-16,25,Mali,,
2014-04-17,26,Mali,,
2014-04-20,29,Mali,,
2014-04-21,30,Mali,,
2014-04-22,31,Mali,,
2014-04-23,32,Mali,,
2014-04-24,33,Mali,,
2014-04-26,35,Mali,,
2014-05-01,40,Mali,,
2014-05-03,42,Mali,,
2014-05-05,44,Mali,,
2014-05-07,46,Mali,,
2014-05-10,49,Mali,,
2014-05-12,51,Mali,,
2014-05-23,62,Mali,,
2014-05-27,66,Mali,,
2014-05-28,67,Mali,,
2014-06-01,71,Mali,,
2014-06-03,73,Mali,,
2014-06-05,75,Mali,,
2014-06-10,80,Mali,,
2014-06-16,86,Mali,,
2014-06-17,87,Mali,,
2014-06-18,88,Mali,,
2014-06-19,89,Mali,,
2014-06-20,90,Mali,,
2014-06-22,92,Mali,,
2014-06-30,100,Mali,,
2014-07-02,102,Mali,,
2014-07-06,106,Mali,,
2014-07-08,108,Mali,,
2014-07-12,112,Mali,,
2014-07-14,114,Mali,,
2014-07-17,117,Mali,,
2014-07-20,120,Mali,,
2014-07-23,123,Mali,,
2014-07-27,126,Mali,,
2014-07-30,129,Mali,,
2014-08-01,132,Mali,,
2014-08-04,135,Mali,,
2014-08-06,137,Mali,,
2014-08-09,140,Mali,,
2014-08-11,142,Mali,,
2014-08-13,144,Mali,,
2014-08-16,147,Mali,,
2014-08-18,149,Mali,,
2014-08-20,151,Mali,,
2014-08-26,157,Mali,,
2014-08-31,162,Mali,,
2014-09-05,167,Mali,,
2014-09-07,169,Mali,,
2014-09-09,171,Mali,,
2014-09-10,172,Mali,,
2014-09-13,175,Mali,,
2014-09-14,176,Mali,,
2014-09-17,179,Mali,,
2014-09-19,181,Mali,,
2014-09-20,182,Mali,,
2014-09-21,183,Mali,,
2014-09-23,185,Mali,,
2014-09-28,190,Mali,,
2014-10-01,193,Mali,,
2014-10-04,196,Mali,,
2014-10-05,197,Mali,,
2014-10-07,199,Mali,,
2014-10-08,200,Mali,,
2014-10-11,203,Mali,,
2014-10-12,204,Mali,,
2014-10-13,205,Mali,,
2014-10-14,206,Mali,,
2014-10-18,210,Mali,,
2014-10-19,211,Mali,,
2014-10-21,213,Mali,,
2014-10-22,214,Mali,1.0,1.0
2014-10-25,216,Mali,,
2014-10-27,218,Mali,1.0,1.0
2014-10-29,220,Mali,1.0,1.0
2014-10-31,222,Mali,,
2014-11-02,225,Mali,1.0,1.0
2014-11-03,226,Mali,,
2014-11-04,227,Mali,1.0,1.0
2014-11-08,231,Mali,,
2014-11-09,232,Mali,1.0,1.0
2014-11-10,233,Mali,,
2014-11-11,234,Mali,4.0,3.0
2014-11-15,238,Mali,,
2014-11-16,239,Mali,5.0,5.0
2014-11-18,241,Mali,6.0,6.0
2014-11-22,245,Mali,,
2014-11-23,246,Mali,7.0,6.0
2014-11-28,251,Mali,,
2014-11-30,253,Mali,7.0,6.0
2014-12-03,256,Mali,,
2014-12-07,260,Mali,7.0,6.0
2014-12-09,262,Mali,,
2014-12-14,267,Mali,,
2014-12-18,271,Mali,,
2014-12-20,272,Mali,,
2014-12-21,273,Mali,,
2014-12-24,277,Mali,,
2014-12-27,280,Mali,,
2014-12-28,281,Mali,,
2014-12-31,284,Mali,,
2015-01-02,286,Mali,,
2015-01-03,287,Mali,,
2015-01-04,288,Mali,,
2015-01-05,289,Mali,,
2014-03-23,1,Nigeria,,
2014-03-24,2,Nigeria,,
2014-03-25,3,Nigeria,,
2014-03-26,4,Nigeria,,
2014-03-27,5,Nigeria,,
2014-03-28,6,Nigeria,,
2014-03-29,7,Nigeria,,
2014-03-31,9,Nigeria,,
2014-04-01,10,Nigeria,,
2014-04-04,13,Nigeria,,
2014-04-07,16,Nigeria,,
2014-04-09,18,Nigeria,,
2014-04-11,20,Nigeria,,
2014-04-14,23,Nigeria,,
2014-04-15,24,Nigeria,,
2014-04-16,25,Nigeria,,
2014-04-17,26,Nigeria,,
2014-04-20,29,Nigeria,,
2014-04-21,30,Nigeria,,
2014-04-22,31,Nigeria,,
2014-04-23,32,Nigeria,,
2014-04-24,33,Nigeria,,
2014-04-26,35,Nigeria,,
2014-05-01,40,Nigeria,,
2014-05-03,42,Nigeria,,
2014-05-05,44,Nigeria,,
2014-05-07,46,Nigeria,,
2014-05-10,49,Nigeria,,
2014-05-12,51,Nigeria,,
2014-05-23,62,Nigeria,,
2014-05-27,66,Nigeria,,
2014-05-28,67,Nigeria,,
2014-06-01,71,Nigeria,,
2014-06-03,73,Nigeria,,
2014-06-05,75,Nigeria,,
2014-06-10,80,Nigeria,,
2014-06-16,86,Nigeria,,
2014-06-17,87,Nigeria,,
2014-06-18,88,Nigeria,,
2014-06-19,89,Nigeria,,
2014-06-20,90,Nigeria,,
2014-06-22,92,Nigeria,,
2014-06-30,100,Nigeria,,
2014-07-02,102,Nigeria,,
2014-07-06,106,Nigeria,,
2014-07-08,108,Nigeria,,
2014-07-12,112,Nigeria,,
2014-07-14,114,Nigeria,,
2014-07-17,117,Nigeria,,
2014-07-20,120,Nigeria,,
2014-07-23,123,Nigeria,0.0,0.0
2014-07-27,126,Nigeria,1.0,1.0
2014-07-30,129,Nigeria,3.0,1.0
2014-08-01,132,Nigeria,4.0,1.0
2014-08-04,135,Nigeria,9.0,1.0
2014-08-06,137,Nigeria,13.0,2.0
2014-08-09,140,Nigeria,13.0,2.0
2014-08-11,142,Nigeria,12.0,3.0
2014-08-13,144,Nigeria,12.0,4.0
2014-08-16,147,Nigeria,15.0,4.0
2014-08-18,149,Nigeria,15.0,4.0
2014-08-20,151,Nigeria,16.0,5.0
2014-08-26,157,Nigeria,17.0,6.0
2014-08-31,162,Nigeria,21.0,7.0
2014-09-05,167,Nigeria,22.0,8.0
2014-09-07,169,Nigeria,21.0,8.0
2014-09-09,171,Nigeria,,
2014-09-10,172,Nigeria,21.0,8.0
2014-09-13,175,Nigeria,21.0,8.0
2014-09-14,176,Nigeria,,
2014-09-17,179,Nigeria,,
2014-09-19,181,Nigeria,,
2014-09-20,182,Nigeria,,
2014-09-21,183,Nigeria,20.0,8.0
2014-09-23,185,Nigeria,20.0,8.0
2014-09-28,190,Nigeria,20.0,8.0
2014-10-01,193,Nigeria,20.0,8.0
2014-10-04,196,Nigeria,,
2014-10-05,197,Nigeria,20.0,8.0
2014-10-07,199,Nigeria,,
2014-10-08,200,Nigeria,20.0,8.0
2014-10-11,203,Nigeria,,
2014-10-12,204,Nigeria,20.0,8.0
2014-10-13,205,Nigeria,,
2014-10-14,206,Nigeria,20.0,8.0
2014-10-18,210,Nigeria,,
2014-10-19,211,Nigeria,20.0,8.0
2014-10-21,213,Nigeria,,
2014-10-22,214,Nigeria,,
2014-10-25,216,Nigeria,,
2014-10-27,218,Nigeria,20.0,8.0
2014-10-29,220,Nigeria,20.0,8.0
2014-10-31,222,Nigeria,,
2014-11-02,225,Nigeria,20.0,8.0
2014-11-03,226,Nigeria,,
2014-11-04,227,Nigeria,20.0,8.0
2014-11-08,231,Nigeria,,
2014-11-09,232,Nigeria,20.0,8.0
2014-11-10,233,Nigeria,,
2014-11-11,234,Nigeria,20.0,8.0
2014-11-15,238,Nigeria,,
2014-11-16,239,Nigeria,20.0,8.0
2014-11-18,241,Nigeria,20.0,8.0
2014-11-22,245,Nigeria,,
2014-11-23,246,Nigeria,20.0,8.0
2014-11-28,251,Nigeria,,
2014-11-30,253,Nigeria,20.0,8.0
2014-12-03,256,Nigeria,,
2014-12-07,260,Nigeria,20.0,8.0
2014-12-09,262,Nigeria,,
2014-12-14,267,Nigeria,,
2014-12-18,271,Nigeria,,
2014-12-20,272,Nigeria,,
2014-12-21,273,Nigeria,,
2014-12-24,277,Nigeria,,
2014-12-27,280,Nigeria,,
2014-12-28,281,Nigeria,,
2014-12-31,284,Nigeria,,
2015-01-02,286,Nigeria,,
2015-01-03,287,Nigeria,,
2015-01-04,288,Nigeria,,
2015-01-05,289,Nigeria,,
2014-03-23,1,Senegal,,
2014-03-24,2,Senegal,,
2014-03-25,3,Senegal,,
2014-03-26,4,Senegal,,
2014-03-27,5,Senegal,,
2014-03-28,6,Senegal,,
2014-03-29,7,Senegal,,
2014-03-31,9,Senegal,,
2014-04-01,10,Senegal,,
2014-04-04,13,Senegal,,
2014-04-07,16,Senegal,,
2014-04-09,18,Senegal,,
2014-04-11,20,Senegal,,
2014-04-14,23,Senegal,,
2014-04-15,24,Senegal,,
2014-04-16,25,Senegal,,
2014-04-17,26,Senegal,,
2014-04-20,29,Senegal,,
2014-04-21,30,Senegal,,
2014-04-22,31,Senegal,,
2014-04-23,32,Senegal,,
2014-04-24,33,Senegal,,
2014-04-26,35,Senegal,,
2014-05-01,40,Senegal,,
2014-05-03,42,Senegal,,
2014-05-05,44,Senegal,,
2014-05-07,46,Senegal,,
2014-05-10,49,Senegal,,
2014-05-12,51,Senegal,,
2014-05-23,62,Senegal,,
2014-05-27,66,Senegal,,
2014-05-28,67,Senegal,,
2014-06-01,71,Senegal,,
2014-06-03,73,Senegal,,
2014-06-05,75,Senegal,,
2014-06-10,80,Senegal,,
2014-06-16,86,Senegal,,
2014-06-17,87,Senegal,,
2014-06-18,88,Senegal,,
2014-06-19,89,Senegal,,
2014-06-20,90,Senegal,,
2014-06-22,92,Senegal,,
2014-06-30,100,Senegal,,
2014-07-02,102,Senegal,,
2014-07-06,106,Senegal,,
2014-07-08,108,Senegal,,
2014-07-12,112,Senegal,,
2014-07-14,114,Senegal,,
2014-07-17,117,Senegal,,
2014-07-20,120,Senegal,,
2014-07-23,123,Senegal,,
2014-07-27,126,Senegal,,
2014-07-30,129,Senegal,,
2014-08-01,132,Senegal,,
2014-08-04,135,Senegal,,
2014-08-06,137,Senegal,,
2014-08-09,140,Senegal,,
2014-08-11,142,Senegal,,
2014-08-13,144,Senegal,,
2014-08-16,147,Senegal,,
2014-08-18,149,Senegal,,
2014-08-20,151,Senegal,,
2014-08-26,157,Senegal,,
2014-08-31,162,Senegal,1.0,
2014-09-05,167,Senegal,1.0,
2014-09-07,169,Senegal,3.0,0.0
2014-09-09,171,Senegal,,
2014-09-10,172,Senegal,1.0,
2014-09-13,175,Senegal,1.0,0.0
2014-09-14,176,Senegal,,
2014-09-17,179,Senegal,,
2014-09-19,181,Senegal,,
2014-09-20,182,Senegal,,
2014-09-21,183,Senegal,1.0,0.0
2014-09-23,185,Senegal,1.0,0.0
2014-09-28,190,Senegal,1.0,0.0
2014-10-01,193,Senegal,1.0,0.0
2014-10-04,196,Senegal,,
2014-10-05,197,Senegal,1.0,0.0
2014-10-07,199,Senegal,,
2014-10-08,200,Senegal,1.0,0.0
2014-10-11,203,Senegal,,
2014-10-12,204,Senegal,1.0,0.0
2014-10-13,205,Senegal,,
2014-10-14,206,Senegal,1.0,0.0
2014-10-18,210,Senegal,,
2014-10-19,211,Senegal,1.0,0.0
2014-10-21,213,Senegal,,
2014-10-22,214,Senegal,,
2014-10-25,216,Senegal,,
2014-10-27,218,Senegal,1.0,0.0
2014-10-29,220,Senegal,1.0,0.0
2014-10-31,222,Senegal,,
2014-11-02,225,Senegal,1.0,0.0
2014-11-03,226,Senegal,,
2014-11-04,227,Senegal,1.0,0.0
2014-11-08,231,Senegal,,
2014-11-09,232,Senegal,1.0,0.0
2014-11-10,233,Senegal,,
2014-11-11,234,Senegal,1.0,0.0
2014-11-15,238,Senegal,,
2014-11-16,239,Senegal,1.0,0.0
2014-11-18,241,Senegal,1.0,0.0
2014-11-22,245,Senegal,,
2014-11-23,246,Senegal,1.0,0.0
2014-11-28,251,Senegal,,
2014-11-30,253,Senegal,1.0,0.0
2014-12-03,256,Senegal,,
2014-12-07,260,Senegal,1.0,0.0
2014-12-09,262,Senegal,,
2014-12-14,267,Senegal,,
2014-12-18,271,Senegal,,
2014-12-20,272,Senegal,,
2014-12-21,273,Senegal,,
2014-12-24,277,Senegal,,
2014-12-27,280,Senegal,,
2014-12-28,281,Senegal,,
2014-12-31,284,Senegal,,
2015-01-02,286,Senegal,,
2015-01-03,287,Senegal,,
2015-01-04,288,Senegal,,
2015-01-05,289,Senegal,,
2014-03-23,1,SierraLeone,,
2014-03-24,2,SierraLeone,,
2014-03-25,3,SierraLeone,,
2014-03-26,4,SierraLeone,,
2014-03-27,5,SierraLeone,6.0,5.0
2014-03-28,6,SierraLeone,2.0,2.0
2014-03-29,7,SierraLeone,,
2014-03-31,9,SierraLeone,2.0,2.0
2014-04-01,10,SierraLeone,2.0,2.0
2014-04-04,13,SierraLeone,2.0,2.0
2014-04-07,16,SierraLeone,2.0,2.0
2014-04-09,18,SierraLeone,2.0,2.0
2014-04-11,20,SierraLeone,2.0,2.0
2014-04-14,23,SierraLeone,,
2014-04-15,24,SierraLeone,12.0,
2014-04-16,25,SierraLeone,,
2014-04-17,26,SierraLeone,,
2014-04-20,29,SierraLeone,,
2014-04-21,30,SierraLeone,,
2014-04-22,31,SierraLeone,0.0,0.0
2014-04-23,32,SierraLeone,0.0,0.0
2014-04-24,33,SierraLeone,0.0,0.0
2014-04-26,35,SierraLeone,0.0,0.0
2014-05-01,40,SierraLeone,0.0,0.0
2014-05-03,42,SierraLeone,0.0,0.0
2014-05-05,44,SierraLeone,0.0,0.0
2014-05-07,46,SierraLeone,0.0,0.0
2014-05-10,49,SierraLeone,0.0,0.0
2014-05-12,51,SierraLeone,0.0,0.0
2014-05-23,62,SierraLeone,0.0,0.0
2014-05-27,66,SierraLeone,16.0,5.0
2014-05-28,67,SierraLeone,50.0,6.0
2014-06-01,71,SierraLeone,79.0,6.0
2014-06-03,73,SierraLeone,,6.0
2014-06-05,75,SierraLeone,81.0,6.0
2014-06-10,80,SierraLeone,89.0,7.0
2014-06-16,86,SierraLeone,,
2014-06-17,87,SierraLeone,97.0,49.0
2014-06-18,88,SierraLeone,136.0,28.0
2014-06-19,89,SierraLeone,,
2014-06-20,90,SierraLeone,158.0,34.0
2014-06-22,92,SierraLeone,,
2014-06-30,100,SierraLeone,239.0,99.0
2014-07-02,102,SierraLeone,252.0,101.0
2014-07-06,106,SierraLeone,305.0,127.0
2014-07-08,108,SierraLeone,337.0,142.0
2014-07-12,112,SierraLeone,386.0,194.0
2014-07-14,114,SierraLeone,397.0,197.0
2014-07-17,117,SierraLeone,442.0,206.0
2014-07-20,120,SierraLeone,454.0,219.0
2014-07-23,123,SierraLeone,525.0,224.0
2014-07-27,126,SierraLeone,533.0,233.0
2014-07-30,129,SierraLeone,574.0,252.0
2014-08-01,132,SierraLeone,646.0,273.0
2014-08-04,135,SierraLeone,691.0,286.0
2014-08-06,137,SierraLeone,717.0,298.0
2014-08-09,140,SierraLeone,730.0,315.0
2014-08-11,142,SierraLeone,783.0,334.0
2014-08-13,144,SierraLeone,810.0,348.0
2014-08-16,147,SierraLeone,848.0,365.0
2014-08-18,149,SierraLeone,907.0,374.0
2014-08-20,151,SierraLeone,910.0,392.0
2014-08-26,157,SierraLeone,1026.0,422.0
2014-08-31,162,SierraLeone,1216.0,476.0
2014-09-05,167,SierraLeone,1261.0,491.0
2014-09-07,169,SierraLeone,1424.0,524.0
2014-09-09,171,SierraLeone,,
2014-09-10,172,SierraLeone,1478.0,536.0
2014-09-13,175,SierraLeone,1620.0,562.0
2014-09-14,176,SierraLeone,1673.0,562.0
2014-09-17,179,SierraLeone,,
2014-09-19,181,SierraLeone,,
2014-09-20,182,SierraLeone,1813.0,593.0
2014-09-21,183,SierraLeone,1940.0,597.0
2014-09-23,185,SierraLeone,2021.0,605.0
2014-09-28,190,SierraLeone,2304.0,622.0
2014-10-01,193,SierraLeone,2437.0,623.0
2014-10-04,196,SierraLeone,,
2014-10-05,197,SierraLeone,2789.0,879.0
2014-10-07,199,SierraLeone,,
2014-10-08,200,SierraLeone,2950.0,930.0
2014-10-11,203,SierraLeone,,
2014-10-12,204,SierraLeone,3252.0,1183.0
2014-10-13,205,SierraLeone,,
2014-10-14,206,SierraLeone,3410.0,1200.0
2014-10-18,210,SierraLeone,,
2014-10-19,211,SierraLeone,3706.0,1259.0
2014-10-21,213,SierraLeone,,
2014-10-22,214,SierraLeone,3896.0,1281.0
2014-10-25,216,SierraLeone,,
2014-10-27,218,SierraLeone,5235.0,1500.0
2014-10-29,220,SierraLeone,5338.0,1510.0
2014-10-31,222,SierraLeone,,
2014-11-02,225,SierraLeone,4759.0,1070.0
2014-11-03,226,SierraLeone,,
2014-11-04,227,SierraLeone,4862.0,1130.0
2014-11-08,231,SierraLeone,,
2014-11-09,232,SierraLeone,5368.0,1169.0
2014-11-10,233,SierraLeone,,
2014-11-11,234,SierraLeone,5586.0,1187.0
2014-11-15,238,SierraLeone,,
2014-11-16,239,SierraLeone,6073.0,1250.0
2014-11-18,241,SierraLeone,6190.0,1267.0
2014-11-22,245,SierraLeone,,
2014-11-23,246,SierraLeone,6599.0,1398.0
2014-11-28,251,SierraLeone,,
2014-11-30,253,SierraLeone,7312.0,1583.0
2014-12-03,256,SierraLeone,,
2014-12-07,260,SierraLeone,7897.0,1768.0
2014-12-09,262,SierraLeone,,
2014-12-14,267,SierraLeone,8356.0,2085.0
2014-12-18,271,SierraLeone,,
2014-12-20,272,SierraLeone,8939.0,2556.0
2014-12-21,273,SierraLeone,9004.0,2582.0
2014-12-24,277,SierraLeone,9203.0,2655.0
2014-12-27,280,SierraLeone,9409.0,2732.0
2014-12-28,281,SierraLeone,9446.0,2758.0
2014-12-31,284,SierraLeone,9633.0,2827.0
2015-01-02,286,SierraLeone,,
2015-01-03,287,SierraLeone,9722.0,2915.0
2015-01-04,288,SierraLeone,9780.0,2943.0
2015-01-05,289,SierraLeone,10030.0,2977.0
2014-03-23,1,Spain,,
2014-03-24,2,Spain,,
2014-03-25,3,Spain,,
2014-03-26,4,Spain,,
2014-03-27,5,Spain,,
2014-03-28,6,Spain,,
2014-03-29,7,Spain,,
2014-03-31,9,Spain,,
2014-04-01,10,Spain,,
2014-04-04,13,Spain,,
2014-04-07,16,Spain,,
2014-04-09,18,Spain,,
2014-04-11,20,Spain,,
2014-04-14,23,Spain,,
2014-04-15,24,Spain,,
2014-04-16,25,Spain,,
2014-04-17,26,Spain,,
2014-04-20,29,Spain,,
2014-04-21,30,Spain,,
2014-04-22,31,Spain,,
2014-04-23,32,Spain,,
2014-04-24,33,Spain,,
2014-04-26,35,Spain,,
2014-05-01,40,Spain,,
2014-05-03,42,Spain,,
2014-05-05,44,Spain,,
2014-05-07,46,Spain,,
2014-05-10,49,Spain,,
2014-05-12,51,Spain,,
2014-05-23,62,Spain,,
2014-05-27,66,Spain,,
2014-05-28,67,Spain,,
2014-06-01,71,Spain,,
2014-06-03,73,Spain,,
2014-06-05,75,Spain,,
2014-06-10,80,Spain,,
2014-06-16,86,Spain,,
2014-06-17,87,Spain,,
2014-06-18,88,Spain,,
2014-06-19,89,Spain,,
2014-06-20,90,Spain,,
2014-06-22,92,Spain,,
2014-06-30,100,Spain,,
2014-07-02,102,Spain,,
2014-07-06,106,Spain,,
2014-07-08,108,Spain,,
2014-07-12,112,Spain,,
2014-07-14,114,Spain,,
2014-07-17,117,Spain,,
2014-07-20,120,Spain,,
2014-07-23,123,Spain,,
2014-07-27,126,Spain,,
2014-07-30,129,Spain,,
2014-08-01,132,Spain,,
2014-08-04,135,Spain,,
2014-08-06,137,Spain,,
2014-08-09,140,Spain,,
2014-08-11,142,Spain,,
2014-08-13,144,Spain,,
2014-08-16,147,Spain,,
2014-08-18,149,Spain,,
2014-08-20,151,Spain,,
2014-08-26,157,Spain,,
2014-08-31,162,Spain,,
2014-09-05,167,Spain,,
2014-09-07,169,Spain,,
2014-09-09,171,Spain,,
2014-09-10,172,Spain,,
2014-09-13,175,Spain,,
2014-09-14,176,Spain,,
2014-09-17,179,Spain,,
2014-09-19,181,Spain,,
2014-09-20,182,Spain,,
2014-09-21,183,Spain,,
2014-09-23,185,Spain,,
2014-09-28,190,Spain,,
2014-10-01,193,Spain,,
2014-10-04,196,Spain,,
2014-10-05,197,Spain,,
2014-10-07,199,Spain,,
2014-10-08,200,Spain,1.0,1.0
2014-10-11,203,Spain,,
2014-10-12,204,Spain,1.0,1.0
2014-10-13,205,Spain,,
2014-10-14,206,Spain,1.0,1.0
2014-10-18,210,Spain,,
2014-10-19,211,Spain,1.0,0.0
2014-10-21,213,Spain,,
2014-10-22,214,Spain,1.0,0.0
2014-10-25,216,Spain,,
2014-10-27,218,Spain,1.0,0.0
2014-10-29,220,Spain,1.0,0.0
2014-10-31,222,Spain,,
2014-11-02,225,Spain,1.0,0.0
2014-11-03,226,Spain,,
2014-11-04,227,Spain,1.0,0.0
2014-11-08,231,Spain,,
2014-11-09,232,Spain,1.0,0.0
2014-11-10,233,Spain,,
2014-11-11,234,Spain,1.0,0.0
2014-11-15,238,Spain,,
2014-11-16,239,Spain,1.0,0.0
2014-11-18,241,Spain,1.0,0.0
2014-11-22,245,Spain,,
2014-11-23,246,Spain,1.0,0.0
2014-11-28,251,Spain,,
2014-11-30,253,Spain,1.0,0.0
2014-12-03,256,Spain,,
2014-12-07,260,Spain,1.0,0.0
2014-12-09,262,Spain,,
2014-12-14,267,Spain,,
2014-12-18,271,Spain,,
2014-12-20,272,Spain,,
2014-12-21,273,Spain,,
2014-12-24,277,Spain,,
2014-12-27,280,Spain,,
2014-12-28,281,Spain,,
2014-12-31,284,Spain,,
2015-01-02,286,Spain,,
2015-01-03,287,Spain,,
2015-01-04,288,Spain,,
2015-01-05,289,Spain,,
2014-03-23,1,UnitedStates,,
2014-03-24,2,UnitedStates,,
2014-03-25,3,UnitedStates,,
2014-03-26,4,UnitedStates,,
2014-03-27,5,UnitedStates,,
2014-03-28,6,UnitedStates,,
2014-03-29,7,UnitedStates,,
2014-03-31,9,UnitedStates,,
2014-04-01,10,UnitedStates,,
2014-04-04,13,UnitedStates,,
2014-04-07,16,UnitedStates,,
2014-04-09,18,UnitedStates,,
2014-04-11,20,UnitedStates,,
2014-04-14,23,UnitedStates,,
2014-04-15,24,UnitedStates,,
2014-04-16,25,UnitedStates,,
2014-04-17,26,UnitedStates,,
2014-04-20,29,UnitedStates,,
2014-04-21,30,UnitedStates,,
2014-04-22,31,UnitedStates,,
2014-04-23,32,UnitedStates,,
2014-04-24,33,UnitedStates,,
2014-04-26,35,UnitedStates,,
2014-05-01,40,UnitedStates,,
2014-05-03,42,UnitedStates,,
2014-05-05,44,UnitedStates,,
2014-05-07,46,UnitedStates,,
2014-05-10,49,UnitedStates,,
2014-05-12,51,UnitedStates,,
2014-05-23,62,UnitedStates,,
2014-05-27,66,UnitedStates,,
2014-05-28,67,UnitedStates,,
2014-06-01,71,UnitedStates,,
2014-06-03,73,UnitedStates,,
2014-06-05,75,UnitedStates,,
2014-06-10,80,UnitedStates,,
2014-06-16,86,UnitedStates,,
2014-06-17,87,UnitedStates,,
2014-06-18,88,UnitedStates,,
2014-06-19,89,UnitedStates,,
2014-06-20,90,UnitedStates,,
2014-06-22,92,UnitedStates,,
2014-06-30,100,UnitedStates,,
2014-07-02,102,UnitedStates,,
2014-07-06,106,UnitedStates,,
2014-07-08,108,UnitedStates,,
2014-07-12,112,UnitedStates,,
2014-07-14,114,UnitedStates,,
2014-07-17,117,UnitedStates,,
2014-07-20,120,UnitedStates,,
2014-07-23,123,UnitedStates,,
2014-07-27,126,UnitedStates,,
2014-07-30,129,UnitedStates,,
2014-08-01,132,UnitedStates,,
2014-08-04,135,UnitedStates,,
2014-08-06,137,UnitedStates,,
2014-08-09,140,UnitedStates,,
2014-08-11,142,UnitedStates,,
2014-08-13,144,UnitedStates,,
2014-08-16,147,UnitedStates,,
2014-08-18,149,UnitedStates,,
2014-08-20,151,UnitedStates,,
2014-08-26,157,UnitedStates,,
2014-08-31,162,UnitedStates,,
2014-09-05,167,UnitedStates,,
2014-09-07,169,UnitedStates,,
2014-09-09,171,UnitedStates,,
2014-09-10,172,UnitedStates,,
2014-09-13,175,UnitedStates,,
2014-09-14,176,UnitedStates,,
2014-09-17,179,UnitedStates,,
2014-09-19,181,UnitedStates,,
2014-09-20,182,UnitedStates,,
2014-09-21,183,UnitedStates,,
2014-09-23,185,UnitedStates,,
2014-09-28,190,UnitedStates,,
2014-10-01,193,UnitedStates,1.0,0.0
2014-10-04,196,UnitedStates,,
2014-10-05,197,UnitedStates,1.0,0.0
2014-10-07,199,UnitedStates,,
2014-10-08,200,UnitedStates,1.0,1.0
2014-10-11,203,UnitedStates,,
2014-10-12,204,UnitedStates,2.0,1.0
2014-10-13,205,UnitedStates,,
2014-10-14,206,UnitedStates,3.0,0.0
2014-10-18,210,UnitedStates,,
2014-10-19,211,UnitedStates,3.0,1.0
2014-10-21,213,UnitedStates,,
2014-10-22,214,UnitedStates,4.0,1.0
2014-10-25,216,UnitedStates,,
2014-10-27,218,UnitedStates,4.0,1.0
2014-10-29,220,UnitedStates,4.0,1.0
2014-10-31,222,UnitedStates,,
2014-11-02,225,UnitedStates,4.0,1.0
2014-11-03,226,UnitedStates,,
2014-11-04,227,UnitedStates,4.0,1.0
2014-11-08,231,UnitedStates,,
2014-11-09,232,UnitedStates,4.0,1.0
2014-11-10,233,UnitedStates,,
2014-11-11,234,UnitedStates,4.0,1.0
2014-11-15,238,UnitedStates,,
2014-11-16,239,UnitedStates,4.0,1.0
2014-11-18,241,UnitedStates,4.0,1.0
2014-11-22,245,UnitedStates,,
2014-11-23,246,UnitedStates,4.0,1.0
2014-11-28,251,UnitedStates,,
2014-11-30,253,UnitedStates,4.0,1.0
2014-12-03,256,UnitedStates,,
2014-12-07,260,UnitedStates,4.0,1.0
2014-12-09,262,UnitedStates,,
2014-12-14,267,UnitedStates,,
2014-12-18,271,UnitedStates,,
2014-12-20,272,UnitedStates,,
2014-12-21,273,UnitedStates,,
2014-12-24,277,UnitedStates,,
2014-12-27,280,UnitedStates,,
2014-12-28,281,UnitedStates,,
2014-12-31,284,UnitedStates,,
2015-01-02,286,UnitedStates,,
2015-01-03,287,UnitedStates,,
2015-01-04,288,UnitedStates,,
2015-01-05,289,UnitedStates,,
